{"_type":"export","__export_format":4,"__export_date":"2023-12-31T02:08:37.882Z","__export_source":"insomnia.desktop.app:v8.5.1","resources":[{"_id":"req_841fe98618cd4f1b970045698cbbc86b","parentId":"wrk_4e870c049bb84eadae82491fc9402228","modified":1703980583840,"created":1703980569778,"url":"localhost:3000/api/users","name":"New Request","description":"","method":"GET","body":{},"parameters":[],"headers":[{"name":"User-Agent","value":"insomnia/8.5.1"}],"authentication":{},"metaSortKey":-1703980569778,"isPrivate":false,"settingStoreCookies":true,"settingSendCookies":true,"settingDisableRenderRequestBody":false,"settingEncodeUrl":true,"settingRebuildPath":true,"settingFollowRedirects":"global","_type":"request"},{"_id":"wrk_4e870c049bb84eadae82491fc9402228","parentId":null,"modified":1703978248539,"created":1703978248539,"name":"SPlist","description":"","scope":"collection","_type":"workspace"},{"_id":"req_2a97a95c58ae4ed1ac93ba6d3b78284a","parentId":"wrk_4e870c049bb84eadae82491fc9402228","modified":1703980503500,"created":1703980493258,"url":"localhost:3000/api/things","name":"New Request","description":"","method":"GET","body":{},"parameters":[],"headers":[{"name":"User-Agent","value":"insomnia/8.5.1"}],"authentication":{},"metaSortKey":-1703980493258,"isPrivate":false,"settingStoreCookies":true,"settingSendCookies":true,"settingDisableRenderRequestBody":false,"settingEncodeUrl":true,"settingRebuildPath":true,"settingFollowRedirects":"global","_type":"request"},{"_id":"req_1e26d002d8164c938012833cc2a6bf80","parentId":"wrk_4e870c049bb84eadae82491fc9402228","modified":1703980450447,"created":1703980262126,"url":"localhost:3000/api/splists/:id","name":"New Request","description":"","method":"GET","body":{},"parameters":[],"headers":[{"name":"User-Agent","value":"insomnia/8.5.1"}],"authentication":{},"metaSortKey":-1703980262126,"isPrivate":false,"settingStoreCookies":true,"settingSendCookies":true,"settingDisableRenderRequestBody":false,"settingEncodeUrl":true,"settingRebuildPath":true,"settingFollowRedirects":"global","_type":"request"},{"_id":"req_0e83904299134c899b4795d8040f0ce7","parentId":"wrk_4e870c049bb84eadae82491fc9402228","modified":1703980250774,"created":1703980236080,"url":"localhost:3000/api/splists","name":"New Request","description":"","method":"GET","body":{},"parameters":[],"headers":[{"name":"User-Agent","value":"insomnia/8.5.1"}],"authentication":{},"metaSortKey":-1703980236080,"isPrivate":false,"settingStoreCookies":true,"settingSendCookies":true,"settingDisableRenderRequestBody":false,"settingEncodeUrl":true,"settingRebuildPath":true,"settingFollowRedirects":"global","_type":"request"},{"_id":"req_23177d717f264b5b9d9691a28fa07642","parentId":"wrk_4e870c049bb84eadae82491fc9402228","modified":1703979954377,"created":1703979934163,"url":"localhost:3000/api/splists","name":"New Request","description":"","method":"POST","body":{},"parameters":[],"headers":[{"name":"User-Agent","value":"insomnia/8.5.1"}],"authentication":{},"metaSortKey":-1703979934163,"isPrivate":false,"settingStoreCookies":true,"settingSendCookies":true,"settingDisableRenderRequestBody":false,"settingEncodeUrl":true,"settingRebuildPath":true,"settingFollowRedirects":"global","_type":"request"},{"_id":"req_0f76a44cc15e4132934d2b341bffd241","parentId":"wrk_4e870c049bb84eadae82491fc9402228","modified":1703979925328,"created":1703979891449,"url":"localhost:3000/api/things","name":"New Request","description":"","method":"POST","body":{},"parameters":[],"headers":[{"name":"User-Agent","value":"insomnia/8.5.1"}],"authentication":{},"metaSortKey":-1703979891449,"isPrivate":false,"settingStoreCookies":true,"settingSendCookies":true,"settingDisableRenderRequestBody":false,"settingEncodeUrl":true,"settingRebuildPath":true,"settingFollowRedirects":"global","_type":"request"},{"_id":"req_c130639504a944b59dc67dbfc81750b4","parentId":"wrk_4e870c049bb84eadae82491fc9402228","modified":1703979877255,"created":1703979856178,"url":"localhost:3000/api/users","name":"New Request","description":"","method":"POST","body":{},"parameters":[],"headers":[{"name":"User-Agent","value":"insomnia/8.5.1"}],"authentication":{},"metaSortKey":-1703979856178,"isPrivate":false,"settingStoreCookies":true,"settingSendCookies":true,"settingDisableRenderRequestBody":false,"settingEncodeUrl":true,"settingRebuildPath":true,"settingFollowRedirects":"global","_type":"request"},{"_id":"req_cadf8dcc00614cf8a6a7de449f8fd8d2","parentId":"wrk_4e870c049bb84eadae82491fc9402228","modified":1703979747848,"created":1703979721463,"url":"localhost:3000/api/users/:id","name":"New Request","description":"","method":"DELETE","body":{},"parameters":[],"headers":[{"name":"User-Agent","value":"insomnia/8.5.1"}],"authentication":{},"metaSortKey":-1703979721463,"isPrivate":false,"settingStoreCookies":true,"settingSendCookies":true,"settingDisableRenderRequestBody":false,"settingEncodeUrl":true,"settingRebuildPath":true,"settingFollowRedirects":"global","_type":"request"},{"_id":"req_7839081f13954b13bbe9b927c7c54251","parentId":"wrk_4e870c049bb84eadae82491fc9402228","modified":1703979735398,"created":1703978252630,"url":"localhost:3000/api/things/:id","name":"New Request","description":"","method":"DELETE","body":{},"parameters":[],"headers":[{"name":"User-Agent","value":"insomnia/8.5.1"}],"authentication":{},"metaSortKey":-1703978252630,"isPrivate":false,"settingStoreCookies":true,"settingSendCookies":true,"settingDisableRenderRequestBody":false,"settingEncodeUrl":true,"settingRebuildPath":true,"settingFollowRedirects":"global","_type":"request"},{"_id":"env_d3a70526e89f57c9f2a76d2b3f8cd95a5dc1b41d","parentId":"wrk_4e870c049bb84eadae82491fc9402228","modified":1703978248541,"created":1703978248541,"name":"Base Environment","data":{},"dataPropertyOrder":null,"color":null,"isPrivate":false,"metaSortKey":1703978248541,"_type":"environment"},{"_id":"jar_d3a70526e89f57c9f2a76d2b3f8cd95a5dc1b41d","parentId":"wrk_4e870c049bb84eadae82491fc9402228","modified":1703978248542,"created":1703978248542,"name":"Default Jar","cookies":[],"_type":"cookie_jar"}]}